Workbook

Sheet Indices
B1: S&P 500 | C1: NASDAQ | D1: RUSSELL 2000 | E1: DOW JONES | F1: FTSE 100 | G1: CAC 40 | H1: SMI | I1: IBEX 35 | J1: AUSTRIAN INDEX | K1: FTSE MIB | L1: ATHEX | M1: DAX | N1: MEXICO BOLSA | O1: BRAZIL BOVESPA | P1: S&P/TSX 60 INDEX - PRICE INDEX | Q1: NIFTY 500 | R1: NIKKEI 225 | S1: HANG SENG | T1: SHANGHAI SE A SHARE | U1: S&P/ASX 200 | V1: KOREA SE COMPOSITE (KOSPI)
A2: 42279 | B2: 1951.36 | C2: 4707.78 | D2: 1114.12 | E2: 16472.38 | F2: 6129.98 | G2: 4458.88 | H2: 8515.52 | I2: 9603.6 | J2: 2236.15 | K2: 21395.29 | L2: 640.99 | M2: 9553.07 | N2: 42735.15 | O2: 47033.46 | P2: 784.44 | Q2: 6654.5 | R2: 17725.13 | S2: 21506.09 | T2: 3197.372 | U2: 5052.016 | V2: 1969.68
A3: 42282 | B3: 1987.05 | C3: 4781.26 | D3: 1141.64 | E3: 16776.43 | F3: 6298.92 | G3: 4616.9 | H3: 8740.83 | I3: 9971.3 | J3: 2294.23 | K3: 21980.08 | L3: 667.09 | M3: 9814.79 | N3: 43566.32 | O3: 47598.07 | P3: 794.23 | Q3: 6789.1 | R3: 18005.49 | S3: 21854.5 | T3: 3197.372 | U3: 5150.531 | V3: 1978.25
A4: 42283 | B4: 1979.92 | C4: 4748.36 | D4: 1133.69 | E4: 16790.19 | F4: 6326.16 | G4: 4660.64 | H4: 8761.68 | I4: 10103.3 | J4: 2324.57 | K4: 22182.65 | L4: 670.69 | M4: 9902.83 | N4: 43561.42 | O4: 47735.11 | P4: 800.12 | Q4: 6818.65 | R4: 18186.1 | S4: 21831.62 | T4: 3197.372 | U4: 5167.398 | V4: 1990.65
A5: 42284 | B5: 1995.83 | C5: 4791.15 | D5: 1152.6 | E5: 16912.29 | F5: 6336.35 | G5: 4667.34 | H5: 8639.03 | I5: 10170 | J5: 2350.1 | K5: 22007.34 | L5: 680.1 | M5: 9970.4 | N5: 43832.03 | O5: 48914.32 | P5: 813.55 | Q5: 6835.8 | R5: 18322.98 | S5: 22515.76 | T5: 3197.372 | U5: 5197.871 | V5: 2005.84
A6: 42285 | B6: 2013.43 | C6: 4810.79 | D6: 1163.24 | E6: 17050.75 | F6: 6374.82 | G6: 4675.91 | H6: 8674.17 | I6: 10181.2 | J6: 2347.88 | K6: 22156.74 | L6: 678.05 | M6: 9993.07 | N6: 44076.94 | O6: 49106.55 | P6: 819.87 | Q6: 6793.8 | R6: 18141.17 | S6: 22354.91 | T6: 3292.287 | U6: 5210.398 | V6: 2019.53
A7: 42286 | B7: 2014.89 | C7: 4830.47 | D7: 1165.36 | E7: 17084.49 | F7: 6416.16 | G7: 4701.39 | H7: 8680.21 | I7: 10309.6 | J7: 2361.8 | K7: 22257.89 | L7: 676.93 | M7: 10096.6 | N7: 44375.62 | O7: 49338.41 | P7: 818.49 | Q7: 6829.4 | R7: 18438.67 | S7: 22458.8 | T7: 3334.031 | U7: 5279.688 | V7: 2019.53
A8: 42289 | B8: 2017.46 | C8: 4838.64 | D8: 1164.4 | E8: 17131.86 | F8: 6371.18 | G8: 4688.7 | H8: 8706.11 | I8: 10246.4 | J8: 2357.91 | K8: 22091.27 | L8: 680.75 | M8: 10119.83 | N8: 44314.25 | O8: 49338.41 | P8: 818.49 | Q8: 6802.3 | R8: 18438.67 | S8: 22730.93 | T8: 3443.406 | U8: 5232.863 | V8: 2021.63
A9: 42290 | B9: 2003.69 | C9: 4796.61 | D9: 1147.84 | E9: 17081.89 | F9: 6342.28 | G9: 4643.38 | H9: 8654.64 | I9: 10115.3 | J9: 2314.65 | K9: 22048.49 | L9: 678.3 | M9: 10032.82 | N9: 44318.19 | O9: 47362.64 | P9: 811.43 | Q9: 6797.55 | R9: 18234.74 | S9: 22600.46 | T9: 3449.141 | U9: 5202.852 | V9: 2019.05
A10: 42291 | B10: 1994.24 | C10: 4782.85 | D10: 1136.97 | E10: 16924.75 | F10: 6269.61 | G10: 4609.03 | H10: 8573.31 | I10: 10037.6 | J10: 2334.22 | K10: 21838.2 | L10: 676.13 | M10: 9915.85 | N10: 44064.43 | O10: 46710.44 | P10: 813.85 | Q10: 6786.05 | R10: 17891 | S10: 22439.91 | T10: 3416.903 | U10: 5197.25 | V10: 2009.55
A11: 42292 | B11: 2023.86 | C11: 4870.1 | D11: 1162.77 | E11: 17141.75 | F11: 6338.67 | G11: 4675.29 | H11: 8653.35 | I11: 10101.7 | J11: 2364.83 | K11: 22217.69 | L11: 694.48 | M11: 10064.8 | N11: 44087.59 | O11: 47161.15 | P11: 810.83 | Q11: 6834.05 | R11: 18096.9 | S11: 22888.17 | T11: 3496.095 | U11: 5230.043 | V11: 2033.27
A12: 42293 | B12: 2033.11 | C12: 4886.69 | D12: 1162.31 | E12: 17215.97 | F12: 6378.04 | G12: 4702.79 | H12: 8715.73 | I12: 10231.5 | J12: 2386.29 | K12: 22337.66 | L12: 685.95 | M12: 10104.43 | N12: 44364.16 | O12: 47236.1 | P12: 813.6 | Q12: 6870.85 | R12: 18291.8 | S12: 23067.37 | T12: 3551.828 | U12: 5268.207 | V12: 2030.26
A13: 42296 | B13: 2033.66 | C13: 4905.47 | D13: 1164.3 | E13: 17230.54 | F13: 6352.33 | G13: 4704.07 | H13: 8705.66 | I13: 10207.3 | J13: 2378.31 | K13: 22419.68 | L13: 685.11 | M13: 10164.31 | N13: 44523.01 | O13: 47447.31 | P13: 808.77 | Q13: 6907.7 | R13: 18131.23 | S13: 23075.61 | T13: 3547.078 | U13: 5269.707 | V13: 2030.27
... A2611: 45932 | B2611: 6715.35 | C2611: 22844.05 | D2611: 2458.49 | E2611: 46519.72 | F2611: 9427.73 | G2611: 8056.63 | H2611: 12427.18 | I2611: 15496.2 | J2611: 4708.02 | K2611: 43078.13 | L2611: 2057.26 | M2611: 24422.56 | N2611: 62220.31 | O2611: 143949.6 | P2611: 1777.05 | Q2611: 22928.3 | R2611: 44936.73 | S2611: 27287.12 | T2611: 4070.29 | U2611: 8945.898 | V2611: 3549.21

Sheet FX
A1: =_xll.DSGRID("TDEURSP,TEGBPSP,TEJPYSP,TECHFSP,TEAUDSP,TECADSP,TECNYSP,TEMXNSP,SWEUBOE,TEBRLSP,BRECBSP,HKEURSP,KOEU.SP","","-11Y","","Daily","RowHeader=true;ColHeader=true;DispSeriesDescription=true;YearlyTSFormat=false;QuarterlyTSFormat=false;MonthlyTSFormat=true") -> #NAME? | B1: USD TO EUR (LSEG DS) - EXCHANGE RATE | C1: GBP TO EURO (LSEG DS) - EXCHANGE RATE | D1: JAPANESE YEN TO EURO (LSEG DS) - EXCHANGE RATE | E1: SWISS FRANC TO EURO (LSEG DS) - EXCHANGE RATE | F1: AUD TO EUR (LSEG DS) - EXCHANGE RATE | G1: CAD TO EUR (LSEG DS) - EXCHANGE RATE | H1: CHINESE YUAN TO EURO (LSEG DS) - EXCHANGE RATE | I1: MEXICAN PESO TO EURO (LSEG DS) - EXCHANGE RATE | J1: CHF TO EUR (BOE) - EXCHANGE RATE | K1: BRAZILIAN REAL TO EURO (LSEG DS) - EXCHANGE RATE | L1: HONG KONG $ TO EURO (WMR) - EXCHANGE RATE | M1: SOUTH KOREAN WON TO EURO (KO) - EXCHANGE RATE | N1: INR TO EUR
A2: 42279 | B2: 1.1211 | C2: 0.73835 | D2: 134.405 | E2: 1.08855 | F2: 1.59045 | G2: 1.4739 | H2: 7.1248 | I2: 18.78674 | J2: 1.0931 | K2: 4.4074 | L2: 8.739 | M2: 1319.6 | N2: 73.280029
A3: 42282 | B3: 1.11855 | C3: 0.73855 | D3: 134.74 | E3: 1.0908 | F3: 1.5791 | G3: 1.46355 | H3: 7.10955 | I3: 18.78705 | J3: 1.0929 | K3: 4.37635 | L3: 8.68895 | M3: 1323.93 | N3: 72.8553
A4: 42283 | B4: 1.12715 | C4: 0.7403 | D4: 135.54 | E4: 1.08985 | F4: 1.57295 | G4: 1.4692 | H4: 7.1642 | I4: 18.769 | J4: 1.0904 | K4: 4.3439 | L4: 8.7291 | M4: 1311.58 | N4: 73.409803
A5: 42284 | B5: 1.12355 | C5: 0.73345 | D5: 134.845 | E5: 1.09395 | F5: 1.55885 | G5: 1.46705 | H5: 7.14135 | I5: 18.70905 | J5: 1.0913 | K5: 4.3637 | L5: 8.7089 | M5: 1312.85 | N5: 72.925912
A6: 42285 | B6: 1.1279 | C6: 0.7348 | D6: 135.27 | E6: 1.0898 | F6: 1.5536 | G6: 1.46825 | H6: 7.16605 | I6: 18.56564 | J6: 1.0904 | K6: 4.2679 | L6: 8.74015 | M6: 1309.74 | N6: 73.109012
A7: 42286 | B7: 1.1358 | C7: 0.74215 | D7: 136.605 | E7: 1.092 | F7: 1.5484 | G7: 1.4701 | H7: 7.20695 | I7: 18.66344 | J7: 1.0927 | K7: 4.27735 | L7: 8.79985 | M7: 1309.74 | N7: 73.576885
A8: 42289 | B8: 1.13555 | C8: 0.74 | D8: 136.305 | E8: 1.09255 | F8: 1.54245 | G8: 1.47585 | H8: 7.1801 | I8: 18.69115 | J8: 1.0928 | K8: 4.2741 | L8: 8.8137 | M8: 1317.37 | N8: 73.577962
A9: 42290 | B9: 1.1379 | C9: 0.7465 | D9: 136.28 | E9: 1.0901 | F9: 1.5712 | G9: 1.48405 | H9: 7.21815 | I9: 18.95995 | J9: 1.092 | K9: 4.4314 | L9: 8.8145 | M9: 1303.16 | N9: 74.075356
A10: 42291 | B10: 1.14735 | C10: 0.7413 | D10: 136.34 | E10: 1.08965 | F10: 1.5717 | G10: 1.48425 | H10: 7.28305 | I10: 18.90074 | J10: 1.0894 | K10: 4.3736 | L10: 8.86295 | M10: 1306.54 | N10: 74.274609
A11: 42292 | B11: 1.1383 | C11: 0.7364 | D11: 135.335 | E11: 1.0825 | F11: 1.55325 | G11: 1.46445 | H11: 7.2239 | I11: 18.65674 | J11: 1.0823 | K11: 4.324 | L11: 8.82455 | M11: 1319.74 | N11: 73.737697
A12: 42293 | B12: 1.13465 | C12: 0.7351 | D12: 135.525 | E12: 1.08185 | F12: 1.56255 | G12: 1.46485 | H12: 7.2079 | I12: 18.63869 | J12: 1.0821 | K12: 4.453 | L12: 8.8172 | M12: 1289.53 | N12: 73.415361
A13: 42296 | B13: 1.1327 | C13: 0.7324 | D13: 135.315 | E13: 1.08345 | F13: 1.5618 | G13: 1.474 | H13: 7.20245 | I13: 18.67319 | J13: 1.0825 | K13: 4.4004 | L13: 8.76525 | M13: 1281.87 | N13: 73.533865
... A2611: 45932 | B2611: 1.1716 | C2611: 0.87175 | D2611: 172.525 | E2611: 0.93485 | F2611: 1.77625 | G2611: 1.63655 | H2611: 8.34125 | I2611: 21.59085 | J2611: 1.0962 | K2611: 6.2547 | L2611: 9.116 | M2611: 1650.08 | N2611: 103.94435
A2612: 45933 | B2612: 1.17425 | C2612: 0.8711 | D2612: 173.16 | E2612: 0.93395 | F2612: 1.7781 | G2612: 1.63825 | H2612: 8.3601 | I2612: 21.60445 | J2612: 1.0962 | K2612: 6.26755 | L2612: 9.1348 | N2612: 104.19707
A2613: 45936 | B2613: 1.171 | C2613: 0.86835 | D2613: 176.065 | E2613: 0.9311 | F2613: 1.76955 | G2613: 1.6327 | H2613: 8.33695 | I2613: 21.47501 | J2613: 1.0962 | K2613: 6.22175 | L2613: 9.1182 | N2613: 103.89228

Sheet 1FX
B1: USD TO EUR (LSEG DS) - EXCHANGE RATE | C1: GBP TO EURO (LSEG DS) - EXCHANGE RATE | D1: JAPANESE YEN TO EURO (LSEG DS) - EXCHANGE RATE | E1: SWISS FRANC TO EURO (LSEG DS) - EXCHANGE RATE | F1: AUD TO EUR (LSEG DS) - EXCHANGE RATE | G1: CAD TO EUR (LSEG DS) - EXCHANGE RATE | H1: CHINESE YUAN TO EURO (LSEG DS) - EXCHANGE RATE | I1: MEXICAN PESO TO EURO (LSEG DS) - EXCHANGE RATE | J1: CHF TO EUR (BOE) - EXCHANGE RATE | K1: BRAZILIAN REAL TO EURO (LSEG DS) - EXCHANGE RATE | L1: HONG KONG $ TO EURO (WMR) - EXCHANGE RATE | M1: SOUTH KOREAN WON TO EURO (KO) - EXCHANGE RATE | N1: INR TO EUR
A2: 42279 | B2: =1/FX!B2 -> 0.89198109 | C2: =1/FX!C2 -> 1.3543712 | D2: =1/FX!D2 -> 0.0074401994 | E2: =1/FX!E2 -> 0.91865325 | F2: =1/FX!F2 -> 0.62875287 | G2: =1/FX!G2 -> 0.67847208 | H2: =1/FX!H2 -> 0.14035482 | I2: =1/FX!I2 -> 0.053229033 | ... N2: =1/FX!N2 -> 0.013646283
A3: 42282 | B3: =1/FX!B3 -> 0.89401457 | C3: =1/FX!C3 -> 1.3540045 | D3: =1/FX!D3 -> 0.0074217011 | E3: =1/FX!E3 -> 0.91675834 | F3: =1/FX!F3 -> 0.63327212 | G3: =1/FX!G3 -> 0.68327013 | H3: =1/FX!H3 -> 0.14065588 | I3: =1/FX!I3 -> 0.053228155 | ... N3: =1/FX!N3 -> 0.013725837
A4: 42283 | B4: =1/FX!B4 -> 0.88719336 | C4: =1/FX!C4 -> 1.3508037 | D4: =1/FX!D4 -> 0.0073778958 | E4: =1/FX!E4 -> 0.91755746 | F4: =1/FX!F4 -> 0.63574812 | G4: =1/FX!G4 -> 0.68064253 | H4: =1/FX!H4 -> 0.13958293 | I4: =1/FX!I4 -> 0.053279344 | ... N4: =1/FX!N4 -> 0.013622159
A5: 42284 | B5: =1/FX!B5 -> 0.89003605 | C5: =1/FX!C5 -> 1.3634195 | D5: =1/FX!D5 -> 0.007415922 | E5: =1/FX!E5 -> 0.91411856 | F5: =1/FX!F5 -> 0.64149854 | G5: =1/FX!G5 -> 0.68164003 | H5: =1/FX!H5 -> 0.14002955 | I5: =1/FX!I5 -> 0.053450068 | ... N5: =1/FX!N5 -> 0.013712547
A6: 42285 | B6: =1/FX!B6 -> 0.88660342 | C6: =1/FX!C6 -> 1.3609145 | D6: =1/FX!D6 -> 0.0073926222 | E6: =1/FX!E6 -> 0.91759956 | F6: =1/FX!F6 -> 0.64366632 | G6: =1/FX!G6 -> 0.68108292 | H6: =1/FX!H6 -> 0.13954689 | I6: =1/FX!I6 -> 0.053862943 | ... N6: =1/FX!N6 -> 0.013678204
A7: 42286 | B7: =1/FX!B7 -> 0.8804367 | C7: =1/FX!C7 -> 1.3474365 | D7: =1/FX!D7 -> 0.0073203763 | E7: =1/FX!E7 -> 0.91575092 | F7: =1/FX!F7 -> 0.64582795 | G7: =1/FX!G7 -> 0.68022583 | H7: =1/FX!H7 -> 0.13875495 | I7: =1/FX!I7 -> 0.05358069 | ... N7: =1/FX!N7 -> 0.013591225
A8: 42289 | B8: =1/FX!B8 -> 0.88063053 | C8: =1/FX!C8 -> 1.3513514 | D8: =1/FX!D8 -> 0.007336488 | E8: =1/FX!E8 -> 0.91528992 | F8: =1/FX!F8 -> 0.64831923 | G8: =1/FX!G8 -> 0.67757563 | H8: =1/FX!H8 -> 0.13927383 | I8: =1/FX!I8 -> 0.053501256 | ... N8: =1/FX!N8 -> 0.013591026
A9: 42290 | B9: =1/FX!B9 -> 0.87881185 | C9: =1/FX!C9 -> 1.3395847 | D9: =1/FX!D9 -> 0.0073378339 | E9: =1/FX!E9 -> 0.91734703 | F9: =1/FX!F9 -> 0.63645621 | G9: =1/FX!G9 -> 0.67383174 | H9: =1/FX!H9 -> 0.13853965 | I9: =1/FX!I9 -> 0.052742755 | ... N9: =1/FX!N9 -> 0.013499766
A10: 42291 | B10: =1/FX!B10 -> 0.87157363 | C10: =1/FX!C10 -> 1.3489815 | D10: =1/FX!D10 -> 0.0073346047 | E10: =1/FX!E10 -> 0.91772588 | F10: =1/FX!F10 -> 0.63625374 | G10: =1/FX!G10 -> 0.67374095 | H10: =1/FX!H10 -> 0.13730511 | I10: =1/FX!I10 -> 0.052907981 | ... N10: =1/FX!N10 -> 0.013463551
A11: 42292 | B11: =1/FX!B11 -> 0.87850303 | C11: =1/FX!C11 -> 1.3579576 | D11: =1/FX!D11 -> 0.0073890716 | E11: =1/FX!E11 -> 0.92378753 | F11: =1/FX!F11 -> 0.64381136 | G11: =1/FX!G11 -> 0.68285022 | H11: =1/FX!H11 -> 0.13842938 | I11: =1/FX!I11 -> 0.053599932 | ... N11: =1/FX!N11 -> 0.013561584
A12: 42293 | B12: =1/FX!B12 -> 0.88132904 | C12: =1/FX!C12 -> 1.3603591 | D12: =1/FX!D12 -> 0.0073787124 | E12: =1/FX!E12 -> 0.92434256 | F12: =1/FX!F12 -> 0.63997952 | G12: =1/FX!G12 -> 0.68266375 | H12: =1/FX!H12 -> 0.13873666 | I12: =1/FX!I12 -> 0.053651839 | ... N12: =1/FX!N12 -> 0.013621128
A13: 42296 | B13: =1/FX!B13 -> 0.8828463 | C13: =1/FX!C13 -> 1.3653741 | D13: =1/FX!D13 -> 0.0073901637 | E13: =1/FX!E13 -> 0.92297753 | F13: =1/FX!F13 -> 0.64028685 | G13: =1/FX!G13 -> 0.67842605 | H13: =1/FX!H13 -> 0.13884164 | I13: =1/FX!I13 -> 0.053552714 | ... N13: =1/FX!N13 -> 0.013599176
... A2613: 45936 | B2613: =1/FX!B2613 -> 0.85397096 | C2613: =1/FX!C2613 -> 1.1516094 | D2613: =1/FX!D2613 -> 0.0056797206 | E2613: =1/FX!E2613 -> 1.0739985 | F2613: =1/FX!F2613 -> 0.56511542 | G2613: =1/FX!G2613 -> 0.61248239 | H2613: =1/FX!H2613 -> 0.11994794 | I2613: =1/FX!I2613 -> 0.046565752 | ... N2613: =1/FX!N2613 -> 0.0096253543

Sheet Indices in EUR
A1: Date | B1: S&P 500 | C1: NASDAQ | D1: RUSSELL 2000 | E1: DOW JONES | F1: FTSE 100 | G1: CAC 40 | H1: SMI | I1: IBEX 35 | J1: FTSE MIB | K1: ATHEX | L1: DAX | M1: MEXICO BOLSA | N1: BRAZIL BOVESPA | O1: S&P/TSX 60 INDEX | P1: NIFTY 500 | Q1: NIKKEI 225 | R1: HANG SENG | S1: SHANGHAI SE A SHARE | T1: S&P/ASX 200 | U1: KOREA SE COMPOSITE (KOSPI)
A2: 42279 | B2: ='1FX'!B2*Indices!B2 -> 1740.5762 | C2: ='1FX'!B2*Indices!C2 -> 4199.2507 | D2: ='1FX'!B2*Indices!D2 -> 993.77397 | E2: ='1FX'!B2*Indices!E2 -> 14693.051 | F2: ='1FX'!C2*Indices!F2 -> 8302.2686 | G2: 4458.88 | H2: ='1FX'!J2*Indices!H2 -> 7790.2479 | I2: 9603.6 | J2: 21395.29 | K2: 640.99 | L2: 9553.07 | M2: ='1FX'!I2*Indices!N2 -> 2274.7507 | N2: ='1FX'!K2*Indices!O2 -> 10671.475 | O2: ='1FX'!G2*Indices!P2 -> 532.22064 | P2: ='1FX'!N2*Indices!Q2 -> 90.809189 | Q2: ='1FX'!D2*Indices!R2 -> 131.8785 | R2: ='1FX'!L2*Indices!S2 -> 2460.9326 | S2: ='1FX'!H2*Indices!T2 -> 448.76656 | T2: ='1FX'!F2*Indices!U2 -> 3176.4696 | U2: ='1FX'!M2*Indices!V2 -> 1.4926341
A3: 42282 | B3: ='1FX'!B3*Indices!B3 -> 1776.4517 | C3: ='1FX'!B3*Indices!C3 -> 4274.5161 | D3: ='1FX'!B3*Indices!D3 -> 1020.6428 | E3: ='1FX'!B3*Indices!E3 -> 14998.373 | F3: ='1FX'!C3*Indices!F3 -> 8528.7658 | G3: 4616.9 | H3: ='1FX'!J3*Indices!H3 -> 7997.8315 | I3: 9971.3 | J3: 21980.08 | K3: 667.09 | L3: 9814.79 | M3: ='1FX'!I3*Indices!N3 -> 2318.9548 | N3: ='1FX'!K3*Indices!O3 -> 10876.203 | O3: ='1FX'!G3*Indices!P3 -> 542.67364 | P3: ='1FX'!N3*Indices!Q3 -> 93.186082 | Q3: ='1FX'!D3*Indices!R3 -> 133.63136 | R3: ='1FX'!L3*Indices!S3 -> 2515.2061 | S3: ='1FX'!H3*Indices!T3 -> 449.72917 | T3: ='1FX'!F3*Indices!U3 -> 3261.6877 | U3: ='1FX'!M3*Indices!V3 -> 1.4942255
A4: 42283 | B4: ='1FX'!B4*Indices!B4 -> 1756.5719 | C4: ='1FX'!B4*Indices!C4 -> 4212.7135 | D4: ='1FX'!B4*Indices!D4 -> 1005.8022 | E4: ='1FX'!B4*Indices!E4 -> 14896.145 | F4: ='1FX'!C4*Indices!F4 -> 8545.4005 | G4: 4660.64 | H4: ='1FX'!J4*Indices!H4 -> 8035.2898 | I4: 10103.3 | J4: 22182.65 | K4: 670.69 | L4: 9902.83 | M4: ='1FX'!I4*Indices!N4 -> 2320.9239 | N4: ='1FX'!K4*Indices!O4 -> 10988.998 | O4: ='1FX'!G4*Indices!P4 -> 544.5957 | P4: ='1FX'!N4*Indices!Q4 -> 92.884734 | Q4: ='1FX'!D4*Indices!R4 -> 134.17515 | R4: ='1FX'!L4*Indices!S4 -> 2501.0161 | S4: ='1FX'!H4*Indices!T4 -> 446.29854 | T4: ='1FX'!F4*Indices!U4 -> 3285.1635 | U4: ='1FX'!M4*Indices!V4 -> 1.5177496
A5: 42284 | B5: ='1FX'!B5*Indices!B5 -> 1776.3606 | C5: ='1FX'!B5*Indices!C5 -> 4264.2962 | D5: ='1FX'!B5*Indices!D5 -> 1025.8555 | E5: ='1FX'!B5*Indices!E5 -> 15052.548 | F5: ='1FX'!C5*Indices!F5 -> 8639.1029 | G5: 4667.34 | H5: ='1FX'!J5*Indices!H5 -> 7916.2742 | I5: 10170 | J5: 22007.34 | K5: 680.1 | L5: 9970.4 | M5: ='1FX'!I5*Indices!N5 -> 2342.825 | N5: ='1FX'!K5*Indices!O5 -> 11209.368 | O5: ='1FX'!G5*Indices!P5 -> 554.54824 | P5: ='1FX'!N5*Indices!Q5 -> 93.73623 | Q5: ='1FX'!D5*Indices!R5 -> 135.88179 | R5: ='1FX'!L5*Indices!S5 -> 2585.3736 | S5: ='1FX'!H5*Indices!T5 -> 447.72655 | T5: ='1FX'!F5*Indices!U5 -> 3334.4267 | U5: ='1FX'!M5*Indices!V5 -> 1.5278516
A6: 42285 | B6: ='1FX'!B6*Indices!B6 -> 1785.1139 | C6: ='1FX'!B6*Indices!C6 -> 4265.2629 | D6: ='1FX'!B6*Indices!D6 -> 1031.3326 | E6: ='1FX'!B6*Indices!E6 -> 15117.253 | F6: ='1FX'!C6*Indices!F6 -> 8675.5852 | G6: 4675.91 | H6: ='1FX'!J6*Indices!H6 -> 7955.0348 | I6: 10181.2 | J6: 22156.74 | K6: 678.05 | L6: 9993.07 | M6: ='1FX'!I6*Indices!N6 -> 2374.1137 | N6: ='1FX'!K6*Indices!O6 -> 11506.022 | O6: ='1FX'!G6*Indices!P6 -> 558.39946 | P6: ='1FX'!N6*Indices!Q6 -> 92.926985 | Q6: ='1FX'!D6*Indices!R6 -> 134.11082 | R6: ='1FX'!L6*Indices!S6 -> 2557.7261 | S6: ='1FX'!H6*Indices!T6 -> 459.42842 | T6: ='1FX'!F6*Indices!U6 -> 3353.7577 | U6: ='1FX'!M6*Indices!V6 -> 1.541932
A7: 42286 | B7: ='1FX'!B7*Indices!B7 -> 1773.9831 | C7: ='1FX'!B7*Indices!C7 -> 4252.923 | D7: ='1FX'!B7*Indices!D7 -> 1026.0257 | E7: ='1FX'!B7*Indices!E7 -> 15041.812 | F7: ='1FX'!C7*Indices!F7 -> 8645.3682 | G7: 4701.39 | H7: ='1FX'!J7*Indices!H7 -> 7943.8181 | I7: 10309.6 | J7: 22257.89 | K7: 676.93 | L7: 10096.6 | M7: ='1FX'!I7*Indices!N7 -> 2377.6764 | N7: ='1FX'!K7*Indices!O7 -> 11534.808 | O7: ='1FX'!G7*Indices!P7 -> 556.75804 | P7: ='1FX'!N7*Indices!Q7 -> 92.819912 | Q7: ='1FX'!D7*Indices!R7 -> 134.978 | R7: ='1FX'!L7*Indices!S7 -> 2552.1799 | S7: ='1FX'!H7*Indices!T7 -> 462.61331 | T7: ='1FX'!F7*Indices!U7 -> 3409.7701 | U7: ='1FX'!M7*Indices!V7 -> 1.541932
A8: 42289 | B8: ='1FX'!B8*Indices!B8 -> 1776.6369 | C8: ='1FX'!B8*Indices!C8 -> 4261.0541 | D8: ='1FX'!B8*Indices!D8 -> 1025.4062 | E8: ='1FX'!B8*Indices!E8 -> 15086.839 | F8: ='1FX'!C8*Indices!F8 -> 8609.7027 | G8: 4688.7 | H8: ='1FX'!J8*Indices!H8 -> 7966.7917 | I8: 10246.4 | J8: 22091.27 | K8: 680.75 | L8: 10119.83 | M8: ='1FX'!I8*Indices!N8 -> 2370.868 | N8: ='1FX'!K8*Indices!O8 -> 11543.579 | O8: ='1FX'!G8*Indices!P8 -> 554.58888 | P8: ='1FX'!N8*Indices!Q8 -> 92.450236 | Q8: ='1FX'!D8*Indices!R8 -> 135.27508 | R8: ='1FX'!L8*Indices!S8 -> 2579.0451 | S8: ='1FX'!H8*Indices!T8 -> 479.57633 | T8: ='1FX'!F8*Indices!U8 -> 3392.5657 | U8: ='1FX'!M8*Indices!V8 -> 1.5345954
A9: 42290 | B9: ='1FX'!B9*Indices!B9 -> 1760.8665 | C9: ='1FX'!B9*Indices!C9 -> 4215.3177 | D9: ='1FX'!B9*Indices!D9 -> 1008.7354 | E9: ='1FX'!B9*Indices!E9 -> 15011.767 | F9: ='1FX'!C9*Indices!F9 -> 8496.0214 | G9: 4643.38 | H9: ='1FX'!J9*Indices!H9 -> 7925.4945 | I9: 10115.3 | J9: 22048.49 | K9: 678.3 | L9: 10032.82 | M9: ='1FX'!I9*Indices!N9 -> 2337.4634 | N9: ='1FX'!K9*Indices!O9 -> 10687.963 | O9: ='1FX'!G9*Indices!P9 -> 546.76729 | P9: ='1FX'!N9*Indices!Q9 -> 91.765337 | Q9: ='1FX'!D9*Indices!R9 -> 133.80349 | R9: ='1FX'!L9*Indices!S9 -> 2564.0093 | S9: ='1FX'!H9*Indices!T9 -> 477.8428 | T9: ='1FX'!F9*Indices!U9 -> 3311.3875 | U9: ='1FX'!M9*Indices!V9 -> 1.5493493
A10: 42291 | B10: ='1FX'!B10*Indices!B10 -> 1738.127 | C10: ='1FX'!B10*Indices!C10 -> 4168.6059 | D10: ='1FX'!B10*Indices!D10 -> 990.95307 | E10: ='1FX'!B10*Indices!E10 -> 14751.166 | F10: ='1FX'!C10*Indices!F10 -> 8457.588 | G10: 4609.03 | H10: ='1FX'!J10*Indices!H10 -> 7869.754 | I10: 10037.6 | J10: 21838.2 | K10: 676.13 | L10: 9915.85 | M10: ='1FX'!I10*Indices!N10 -> 2331.36 | N10: ='1FX'!K10*Indices!O10 -> 10680.09 | O10: ='1FX'!G10*Indices!P10 -> 548.32407 | P10: ='1FX'!N10*Indices!Q10 -> 91.364332 | Q10: ='1FX'!D10*Indices!R10 -> 131.22341 | R10: ='1FX'!L10*Indices!S10 -> 2531.8782 | S10: ='1FX'!H10*Indices!T10 -> 469.15825 | T10: ='1FX'!F10*Indices!U10 -> 3306.7697 | U10: ='1FX'!M10*Indices!V10 -> 1.53807
A11: 42292 | B11: ='1FX'!B11*Indices!B11 -> 1777.9671 | C11: ='1FX'!B11*Indices!C11 -> 4278.3976 | D11: ='1FX'!B11*Indices!D11 -> 1021.497 | E11: ='1FX'!B11*Indices!E11 -> 15059.079 | F11: ='1FX'!C11*Indices!F11 -> 8607.6453 | G11: 4675.29 | H11: ='1FX'!J11*Indices!H11 -> 7995.334 | I11: 10101.7 | J11: 22217.69 | K11: 694.48 | L11: 10064.8 | M11: ='1FX'!I11*Indices!N11 -> 2363.0918 | N11: ='1FX'!K11*Indices!O11 -> 10906.834 | O11: ='1FX'!G11*Indices!P11 -> 553.67544 | P11: ='1FX'!N11*Indices!Q11 -> 92.680546 | Q11: ='1FX'!D11*Indices!R11 -> 133.71929 | R11: ='1FX'!L11*Indices!S11 -> 2593.6926 | S11: ='1FX'!H11*Indices!T11 -> 483.96226 | T11: ='1FX'!F11*Indices!U11 -> 3367.1611 | U11: ='1FX'!M11*Indices!V11 -> 1.5406595
A12: 42293 | B12: ='1FX'!B12*Indices!B12 -> 1791.8389 | C12: ='1FX'!B12*Indices!C12 -> 4306.7818 | D12: ='1FX'!B12*Indices!D12 -> 1024.3776 | E12: ='1FX'!B12*Indices!E12 -> 15172.934 | F12: ='1FX'!C12*Indices!F12 -> 8676.425 | G12: 4702.79 | H12: ='1FX'!J12*Indices!H12 -> 8054.4589 | I12: 10231.5 | J12: 22337.66 | K12: 685.95 | L12: 10104.43 | M12: ='1FX'!I12*Indices!N12 -> 2380.2188 | N12: ='1FX'!K12*Indices!O12 -> 10607.703 | O12: ='1FX'!G12*Indices!P12 -> 555.41523 | P12: ='1FX'!N12*Indices!Q12 -> 93.588724 | Q12: ='1FX'!D12*Indices!R12 -> 134.96993 | R12: ='1FX'!L12*Indices!S12 -> 2616.1786 | S12: ='1FX'!H12*Indices!T12 -> 492.76877 | T12: ='1FX'!F12*Indices!U12 -> 3371.5446 | U12: ='1FX'!M12*Indices!V12 -> 1.5744186
A13: 42296 | B13: ='1FX'!B13*Indices!B13 -> 1795.4092 | C13: ='1FX'!B13*Indices!C13 -> 4330.776 | D13: ='1FX'!B13*Indices!D13 -> 1027.8979 | E13: ='1FX'!B13*Indices!E13 -> 15211.918 | F13: ='1FX'!C13*Indices!F13 -> 8673.3069 | G13: 4704.07 | H13: ='1FX'!J13*Indices!H13 -> 8042.1801 | I13: 10207.3 | J13: 22419.68 | K13: 685.11 | L13: 10164.31 | M13: ='1FX'!I13*Indices!N13 -> 2384.328 | N13: ='1FX'!K13*Indices!O13 -> 10782.499 | O13: ='1FX'!G13*Indices!P13 -> 548.69064 | P13: ='1FX'!N13*Indices!Q13 -> 93.939031 | Q13: ='1FX'!D13*Indices!R13 -> 133.99276 | R13: ='1FX'!L13*Indices!S13 -> 2632.6243 | S13: ='1FX'!H13*Indices!T13 -> 492.48214 | T13: ='1FX'!F13*Indices!U13 -> 3374.1241 | U13: ='1FX'!M13*Indices!V13 -> 1.5838346
... A2611: 45932 | B2611: ='1FX'!B2611*Indices!B2611 -> 5731.7771 | C2611: ='1FX'!B2611*Indices!C2611 -> 19498.165 | D2611: ='1FX'!B2611*Indices!D2611 -> 2098.4039 | E2611: ='1FX'!B2611*Indices!E2611 -> 39706.145 | F2611: ='1FX'!C2611*Indices!F2611 -> 10814.718 | G2611: 8056.63 | H2611: ='1FX'!J2611*Indices!H2611 -> 11336.599 | I2611: 15496.2 | J2611: 43078.13 | K2611: 2057.26 | L2611: 24422.56 | M2611: ='1FX'!I2611*Indices!N2611 -> 2881.7907 | N2611: ='1FX'!K2611*Indices!O2611 -> 23014.629 | O2611: ='1FX'!G2611*Indices!P2611 -> 1085.8513 | P2611: ='1FX'!N2611*Indices!Q2611 -> 220.58245 | Q2611: ='1FX'!D2611*Indices!R2611 -> 260.46503 | R2611: ='1FX'!L2611*Indices!S2611 -> 2993.3216 | S2611: ='1FX'!H2611*Indices!T2611 -> 487.97123 | T2611: ='1FX'!F2611*Indices!U2611 -> 5036.3958 | U2611: ='1FX'!M2611*Indices!V2611 -> 2.1509321
